infores_name,domain_coverage_score,domain_coverage_comments,source_scope_score,source_scope_score_comment,utility_drugrepurposing_score,utility_drugrepurposing_comment,noise_penalty_adjustment,noise_penalty_adjustment_comment,core_edge_family_flag,label_rubric_revised,reviewer
Semantic Medline Database,2.0,"Entities: drug,target,disease via UMLS CUIs; Relations: TREATS, INHIBITS, ASSOCIATED_WITH (~30 predicate types). Rich coverage but many edges generic/ambiguous.",3.0,"Broad, cross-disease; >21M PubMed citations; 57.6M predications; thousands of drugs, diseases, genes; multi-relation subtypes",1.0,"Direct edges: TREATS, INHIBITS, CAUSES, etc. present but NLP-extracted, noisy; predicates often generic; PubMed links but no confidence scores; precision ~70-80% → heavy filtering required",-2.0,"Predications are NLP-extracted, dominated by generic predicates like “ASSOCIATED_WITH.” Precision reported 70-80% depending on domain; recall lower. High noise without filtering. Needs strong confidence/frequency guardrails.",False,Low,https://orcid.org/0000-0003-4097-3395
Search Tool for the Retrieval of Interacting Genes/Proteins,2.0,Primarily single-entity (targets) but exceptionally rich in intra-entity associations and descriptors - borderline between 1 and 2. - Scoring a 2 to reward the rich intra-entity relations,3.0,"Global-scale, multi-species PPI/functional knowledgebase with millions of high-confidence edges from heterogeneous evidence.",3.0,Directly usable as a backbone for repurposing pipelines; confidence-scored PPI edges integrate seamlessly once drug and disease mappings are added.,0.0,"STRING curated edges and scored predictions are confidence-weighted (experiment, database, co-expression, text mining). Noise is mitigated by star/confidence scores; making it not penalty-worthy.",False,High,https://orcid.org/0000-0003-4097-3395
PathWhiz,2.0,"Entities: drugs (40,947 small molecules), proteins/enzymes (9,625 from UniProt), metabolites, diseases; Relations: metabolic reactions, drug-protein interactions, protein-protein interactions (signaling), transport; Xrefs: extensive (HMDB, DrugBank IDs, UniProt IDs present). However, limited T-D edges; pathways focus on drug action/metabolism and disease mechanisms but don't provide systematic D-D or T-D associations.",3.0,"Broad, cross-disease (metabolic, signaling, disease pathways); Multi-species (Human, Mouse, etc.); ~4,000 drugs, ~20,000 proteins, >100,000 pathways (including computational expansions in PathBank)",3.0,"Direct mechanistic edges: Drug-Target (inhibits/activates/modulates) explicitly modeled in ""Drug Action Pathways""; Pathway-Disease associations are strong. Plug-and-play for mechanistic inference",0.0,Noise 0: Predominantly manually curated (gold-standard Wishart lab curation). High precision,False,High,https://orcid.org/0000-0003-4097-3395
DrugBank,3.0,"Entities seen: drug, target, disease; Relations: D-T, T-D, D-D/indication, AE; xrefs common to UniProt, PubChem, MeSH, ChEMBL; descriptors rich with synonyms and identifiers supporting multi-hop traversal",3.0,"Broad cross-disease and multi-species coverage; thousands of drugs and targets; millions of edges spanning small molecules, biologics, and metabolites; multiple relation subtypes including D-T, D-D, indication, interaction",3.0,"Direct edges: D-T, T-D, D-D/AE clearly defined; direction and effect explicit (inhibitor, agonist, substrate); evidence and confidence standard; RxNorm, HGNC, UniProt mappings clean",0.0,Curated manual database with high precision ≥85%; mechanistic and pharmacologic assertions verified; minimal generic or text-mined noise,True,High,https://orcid.org/0000-0003-4097-3395
Ubergraph,3.0,"Entities: Comprehensive coverage of all OBO domains: Chemical (CHEBI), Disease (MONDO), Phenotype (HP), Anatomy (UBERON), Gene/Protein (PRO/GO), Function (GO). Relations: Rich logical definitions (is_a, part_of, regulates, has_phenotype) pre-computed via OWL reasoning",3.0,"Broad & Massive: It is the backbone of the biomedical semantic web, integrating ~40+ ontologies. Millions of classes and edges. Covers all species (GO/Uberon) and all disease areas (MONDO)",1.0,"Indirect / Scaffold: While it provides the essential vocabulary and hierarchy (A is a B; X is part of Y), it lacks direct, experimental ""Drug-Treats-Disease"" or ""Drug-Binds-Target"" edges derived from clinical trials or assays. It is used to ground data and calculate semantic similarity (e.g., via phenotypes), not to lookup treatments directly",0.0,Noise 0: Composed of manually curated OBO ontologies. High precision and logical consistency,True,Medium,https://orcid.org/0000-0003-4097-3395
Ensembl gene,1.0,"Entity seen: genes only; no D-T/T-D/D-D or AE edges; relations limited to genomic features, transcripts, and identifiers; xrefs to HGNC, UniProt, and NCBI Gene present but no pharmacologic or disease relations",2.0,Broad cross-species genomic coverage including human and multiple model organisms; millions of gene entries and annotations; one main relation family (genomic hierarchy),1.0,"Indirect only; no mechanistic or therapeutic edges; data focused on gene structure, variants, and coordinates; not usable for D→D modeling without integration",0.0,Curated manual and computational database with high precision ≥85%; no text-mined or ambiguous associations,True,Medium,https://orcid.org/0000-0003-4097-3395
BindingDB,3.0,"Entities seen: drug, target, disease; Relations: D-T and T-D with quantitative binding affinities (Ki, IC50, EC50); xrefs common to UniProt, PubChem, and ChEMBL; descriptors rich supporting D→T→D traversal",3.0,Broad cross-species and cross-disease coverage; millions of experimentally measured binding interactions; thousands of proteins and small molecules; multiple interaction subtypes across modalities,3.0,Direct edges: D-T/T-D with explicit effect type and quantitative strength; direction clear; confidence high with curated experimental assays; mappings to UniProt and PubChem clean and complete,0.0,Curated manual-experimental dataset with high precision ≥85%; assay-level confidence; minimal or no generic associations,True,High,https://orcid.org/0000-0003-4097-3395
DISEASES,2.0,"Entities: target,gene + disease; Relation: T-D (~millions); mapped to DOID, STRING/HGNC/Ensembl; confidence scoring robust. No drugs or D-D/AEs.",3.0,"Broad, cross-disease; millions of T-D edges; >19k genes, >8k diseases; integrates curated, GWAS, text mining; updated weekly.",2.0,"Direct edges: T-D; millions of associations; 1-5 star confidence; AUC=0.916 for text mining. No direct drug links, no mechanism or AE context → requires integration with drug-target DBs.",-1.0,"Text-mined associations make up the majority of edges (~4.5M vs. 36k curated). ROC AUC is high (0.916 for text mining), but still substantial “gene associated with disease” edges that are correlative and noisy. Can be rescued with 4-5 star confidence. Still only moderate penalty as eventhough DISEASES has lots of text-mined noise, but also curated channels, GWAS, and explicit confidence bins. Because the noisy part can be rescued cleanly (4-5 stars), we treat it as -1 (moderate noise), not -2.",True,Medium,https://orcid.org/0000-0003-4097-3395
NCBI Taxonomy,1.0,"Entities: organisms only (bacteria, viruses, fungi, plants, animals, protozoans); Relations: hierarchical taxonomic classifications (is_a/subclass relationships through kingdom, phylum, class, order, family, genus, species); no genes, proteins, drugs, diseases, or phenotypes. No D-T, T-D, D-D, or biomedical relation families; purely taxonomic lineage data. IDs: TaxID standard identifiers with synonyms/common names present.",3.0,"Broad, comprehensive: >460,000 formal species names; >1.34M additional species-level nodes; total taxonomy tree with hierarchical structure spanning all domains of life (bacteria, archaea, eukaryota, viruses); multi-organism across all kingdoms; international standard (INSDC); manually curated; serves as classification backbone for GenBank/EMBL/DDBJ; extensive synonymy tracking; covers human, model organisms, pathogens, environmental species. Truly global taxonomic scope.",1.0,"Indirect: provides organism context only - no drug, target, or disease data. Useful for annotating which organism a gene/protein/target comes from (e.g., ""this protein is from Homo sapiens TaxID:9606"" or ""this pathogen is Plasmodium falciparum TaxID:5833""), enabling species-specific queries and filtering (e.g., ""find human targets,"" ""exclude bacterial proteins""). Critical for cross-species comparative analysis (identifying orthologous targets across species for model organism studies). However, contains zero D-T, T-D, or D-D edges. No pharmacological predicates. Cannot generate repurposing candidates without integration with pharmacological sources. Clean TaxID mapping facilitates joining with other databases (UniProt, Entrez Gene). Best used as organism disambiguation/normalization layer.",0.0,"Manually curated by NCBI taxonomy specialists; follows international nomenclature codes (ICZN, ICNafp, ICNP, ICVCN); precision ≥85% for taxonomic assignments; authoritative INSDC standard; extensive literature-based validation; clean hierarchical structure; no text-mining or predictions; curators resolve nomenclatural conflicts systematically.",True,Medium,https://orcid.org/0000-0003-4097-3395
Human Metabolome Database ,2.0,"Entities seen: metabolite, gene protein, disease; Relations: metabolite-gene protein and metabolite-disease associations present; xrefs to KEGG, ChEBI, UniProt, PubChem observed; drug entities limited and indirect",2.0,Multi disease human focused coverage; thousands of metabolites and conditions; moderate scale with biochemical emphasis; single modality centered on metabolites,1.0,"Indirect only for repurposing; lacks direct D-T, D-D indication, or AE edges; relations largely biochemical or associative without pharmacologic direction or clinical indication context",-1.0,Moderate noise due to many generic metabolite-disease associations without causal direction; precision varies across entries; filtering needed to retain mechanistically relevant links,True,Low,https://orcid.org/0000-0003-4097-3395
Text Mining Targeted Association API,2.0,Entities seen: targets and diseases; Relation: T-D consistently present across many records; includes PMIDs and evidence strings; xrefs to UniProt and EFO observed,2.0,Multi-disease human coverage at mid-scale; thousands of targets and diseases; tens of thousands of edges; captures a wide therapeutic spectrum but not a full multi-modality backbone,2.0,Direct edges: T-D associations mined from literature; PMIDs present for most; direction/effect partial and context often correlative rather than mechanistic; mappings to UniProt and EFO reasonably aligned,-1.0,Moderate noise due to text-mined associations with variable precision (~70-85%); many edges labeled “associated with” without mechanistic clarity; confidence scoring helps filter high-quality subset,True,Medium,https://orcid.org/0000-0003-4097-3395
IntAct,2.0,Entities seen: gene protein; Relations: T-T protein-protein interactions consistently present; xrefs to UniProt and other protein databases observed; no drug or disease entities present,2.0,Multi organism PPI resource with tens to hundreds of thousands of interactions; human and model species covered; single modality focused on molecular interactions,1.0,"Indirect only for repurposing; no D-T, T-D, D-D, indication, or AE edges; PPIs provide mechanistic context but require downstream integration for drug-disease modeling",0.0,Curated and experimentally supported interactions with confidence annotations; precision ≥85%; minimal generic noise,True,Medium,https://orcid.org/0000-0003-4097-3395
National Cancer Institute Thesaurus,2.0,"Entities seen: disease, drug, gene, anatomy, procedure; Relations: disease classification, drug-disease therapeutic use, gene-disease associations present; xrefs common to UMLS, MeSH, SNOMED CT, HGNC; relations largely terminological or definitional",2.0,"Cancer-centric focus (domain-specific, not broad cross-disease); 40,000+ cancer/neoplasm concepts with granular classification; 26,000 drugs/agents including comprehensive combination chemotherapy regimens; human-focused; mid-scale: hundreds of thousands of concepts but narrow therapeutic scope vs. pan-disease resources; covers clinical care, translational research, basic science; Federal CHI standard anatomy; strong in oncology pharmacology but limited outside cancer domain.",1.0,Indirect only for repurposing; therapeutic use relations present but lack direction effect strength or evidence granularity; no explicit D-T binding or AE edges usable without heavy curation,0.0,"Manually curated by NCI Enterprise Vocabulary Services (EVS); description logic modeling with automated consistency checks; monthly updates (~700 new concepts/release); extensive QA lifecycle including automated checks, manual review, external partner evaluation; Federal CHI standard; precision ≥85% for curated concepts; concept history tracked; used in production NCI systems (cancer.gov, caCORE, clinical trials coding).",True,Medium,https://orcid.org/0000-0003-4097-3395
Bgee,2.0,"Entities seen: gene, anatomy tissue, developmental stage; Relations: gene-expression-anatomy consistently present; xrefs to Ensembl, Uberon, NCBI Gene observed; no drug entities and no disease entities as primary objects",2.0,Multi species gene expression resource covering human and model organisms; tens of thousands of genes across many tissues and stages; single modality focused on expression,1.0,"Indirect only for repurposing; no D-T, T-D, D-D, indication, or AE edges; expression context useful for mechanism interpretation but not directly usable for D→D modeling",0.0,Curated and integrated expression calls with quality filtering; precision ≥85%; no generic text mined associations,True,Medium,https://orcid.org/0000-0003-4097-3395
Hetionet,3.0,"Entities seen: drug, target gene, disease, pathway, anatomy, adverse effect; Relations: D-T, T-D, D-D indication, AE, pathway membership, PPI present; xrefs to DrugBank, ChEMBL, UniProt, DOID, MeSH observed",3.0,"Broad cross disease general purpose KG; integrates many upstream sources; hundreds of thousands of edges across drugs, genes, diseases, pathways, and AEs; multi modality backbone",3.0,"Multiple direct edge families are strong (D-T + T-D, or D-D + AE). Direction/effect is clear for most edges AND evidence/confidence is routine. Negatives / clinical context exist AND IDs align cleanly; meaning plug-and-play for repurposing, not just enrichment",0.0,"No penalty: core D-T, T-D, and D-D edges are manually curated from trusted databases by Daniel Himmelstein et al. at UCSF/Penn; gold-standard indications validated; documented QC, de-duplication, and standardized vocabularies; benchmarked precision ≥85%",True,High,https://orcid.org/0000-0003-4097-3395
Medical Subject Headings Thesaurus,2.0,"Entities seen: disease, drug chemical, anatomy, phenotype; relations mainly hierarchical classification; descriptors rich with synonyms and identifiers and xrefs via UMLS",3.0,"Broad general purpose biomedical thesaurus spanning most diseases, drugs, anatomy, and concepts at large scale",1.0,"Indirect only; no clear D-T, T-D, D-D indication, or AE edges for modeling; relations are terminological and hierarchical without direction or clinical context",0.0,No penalty: curated vocabulary with high precision and no text mined unscored assertions,True,Medium,https://orcid.org/0000-0003-4097-3395
Panther Classification System,2.0,"Entities seen: gene protein, protein family, pathway, GO function; Relations: gene-family membership and gene-pathway associations consistently present; xrefs to UniProt, GO, and Ensembl observed; no drug or disease entities",2.0,Multi organism functional classification covering many protein families and pathways; thousands of genes across species; moderate scale focused on functional annotation,1.0,"Indirect only; no D-T, T-D, D-D indication, or AE edges; functional and pathway context useful for mechanism interpretation but not directly usable for D→D modeling",0.0,No penalty: curated functional classification with expert review; high precision and no text mined generic assertions,True,Medium,https://orcid.org/0000-0003-4097-3395
Library of Integrated Network-Based Cellular Signatures,2.0,"Entities: drugs + genes (genetic perturbations), disease mainly as context; relations are perturbation→signature (L1000, P100/GCP, imaging). Rich metadata/FAIR, but no native D-T/T-D/D-D edges",3.0,"Broad, cross-disease & multi-modality (L1000, proteomics, imaging, epigenetics); tens of thousands of perturbagens; hundreds of thousands of signatures; large multi-center program; FAIR & standardized.”",2.0,Strong for signature-based D→D (reversal/mimic) via CLUE/L1000CDS2; toxicity signatures (DToxS) aid filtering. Lacks curated D-T/T-D/D-D edges; needs join to DrugBank/ChEMBL/BindingDB and disease resources.,-1.0,"Perturbation signatures are reproducible and high-quality, but noise arises from cell-type/context-specific variability. Not text-mining noise, but biological variability → requires guardrails (dose/time/cell filtering). Moderate penalty.",True,Medium,https://orcid.org/0000-0003-4097-3395
Reactome,2.0,"Entities seen: gene protein, pathway, reaction, complex, small molecule; Relations: pathway membership, reaction participation, causal process links present; xrefs to UniProt, ChEBI, GO, Ensembl common; disease and drug entities present but secondary and not consistently linked",3.0,Broad general purpose pathway knowledgebase covering many diseases and biological processes; human focused with orthology projections; hundreds of thousands of reactions and pathway links; backbone scale,2.0,Direct edges exist via pathway annotated drug participation and disease pathways but D-T and D-D indication edges are indirect and inferred through pathways; direction and mechanistic causality present but not framed as therapeutic assertions; usable with guardrails,0.0,No penalty: expert curated pathways with detailed mechanistic assertions and high precision ≥85%,True,High,https://orcid.org/0000-0003-4097-3395
UMLS Metathesaurus (MTH) (from UMLS),3.0,"Covers diseases, drugs/chemicals, genes/genomes, anatomy, phenotypes, procedures, functions; concepts standardized to CUIs with 134 semantic types and 54 relation families.",3.0,"Unifies ~60 vocabularies (~900k concepts) spanning clinical medicine and life sciences, from MeSH and SNOMED to NCBI Taxonomy and early GO integration.",2.0,"Provides schema-level relations (e.g., ‘Pharmacologic Substance TREATS Disease or Syndrome’, ‘interacts with’) but not instance-level curated edges, so mainly useful for normalization and relation templates.",-1.0,"Very broad vocabulary integration, but a large portion of concepts/relations are non-actionable for D-T-D repurposing (billing codes, administrative vocabularies, generic ontology terms). Useful backbone, but includes a lot of 'non-repurposing noise'.",True,Medium,https://orcid.org/0000-0003-4097-3395
Protein Ontology,1.0,Entity seen: Protein only including isoforms and modified forms; relations limited to protein hierarchy and modification states; no drug or disease entities; no D-T/T-D/D-D relations,2.0,Multi organism coverage of protein forms and modifications; thousands of proteins and isoforms; moderate scale focused on protein-centric representation,1.0,"Indirect only; no D-T, T-D, D-D indication, or AE edges; relations describe protein forms and states without pharmacologic or disease linkage",0.0,No penalty: curated ontology with expert review; high precision and no text mined or generic associations,False,Low,https://orcid.org/0000-0003-4097-3395
DisGeNET,2.0,"Entities seen: gene target and disease; Relations: T-D gene-disease associations consistently present across records; xrefs to HGNC, UniProt, MeSH, MONDO observed; no drug entities or D-T/D-D relations",3.0,"Broad cross-disease and multi-organism coverage; hundreds of thousands of gene-disease associations; integrates curated sources, GWAS, and literature; large-scale backbone for disease genetics",2.0,Direct edges: T-D associations used at scale in practice; scores and evidence levels provided; direction and effect largely correlative rather than mechanistic; mappings to HGNC and disease ontologies generally usable,-1.0,Moderate noise due to mix of curated and text-mined associations; many edges generic “associated with”; confidence scores enable filtering to higher-quality subsets,True,Medium,https://orcid.org/0000-0003-4097-3395
Online Mendelian Inheritance in Man (OMIM),2.0,"Entities seen: gene and disease; Relation: T-D consistently present across records; xrefs to HGNC, NCBI Gene, and MONDO; descriptors detailed with synonyms and inheritance patterns",2.0,Multi-disease human coverage focused on genetic and rare disorders; thousands of gene-disease entries; moderate breadth across many phenotypes but limited to hereditary mechanisms,1.0,"Indirect only; no direct D-T or D-D edges; provides mechanistic T-D context but lacks pharmacologic, direction, or effect terms; valuable for disease mechanism mapping but not direct repurposing",0.0,Curated manual source with high precision ≥85%; all entries expert-reviewed; no text-mined or generic associations,True,Medium,https://orcid.org/0000-0003-4097-3395
Pharos,3.0,"Entities: targets/proteins, ligands/compounds, diseases; Relations: D-T, T-D, D-D target-mediated via DrugCentral integration; Descriptors: TDL classification, TIN-X scores, tissue expression, structures, pathways; Cross-refs: UniProt, ChEMBL, DrugBank, OMIM, Mondo, GO.",3.0,Broad target centric platform covering thousands of human proteins across druggability classes Tclin Tchem Tbio Tdark; integrates multiple upstream databases; large scale cross disease scope,2.0,Direct edges: D-T and T-D available through aggregation; evidence and provenance tracked by source; direction and effect inconsistent across inputs; requires source level filtering to be modeling ready,-1.0,Moderate noise due to heterogeneous integration and inherited associations from multiple sources; precision varies by target class and upstream database,True,Medium,https://orcid.org/0000-0003-4097-3395
Chemical Entity of Biological Interest,2.0,Rich ontology of small molecules with roles and structure descriptors; cross-referenced broadly; but lacks explicit gene/disease edges.,3.0,"General-purpose backbone ontology of small molecules, roles, and classes; >400k entities; multi-resource integration; cross-disease, multi-use.",1.0,"Great for harmonization (IDs, synonyms, chemical roles), but lacks curated D-T, T-D, or D-D edges; not plug-and-play for repurposing.",0.0,Fully curated ontology; stable IDs and cross-refs. No evidence of systematic noise. ,True,Medium,https://orcid.org/0000-0003-4097-3395
Human Phenotype Ontology,2.0,"Entities seen: phenotype and disease; Relations: disease-phenotype annotations and hierarchical phenotype structure present; xrefs to OMIM, Orphanet, MONDO common; no drug or target entities",3.0,Broad cross-disease phenotype backbone covering thousands of diseases and phenotypes; human-focused but widely used across rare and common disease contexts; large-scale ontology,1.0,"Indirect only; no D-T, T-D, D-D indication, or AE edges; phenotype associations useful for disease characterization but not directly usable for D→D modeling",0.0,No penalty: curated expert-maintained ontology with high precision; relations are deterministic and non-noisy,True,Medium,https://orcid.org/0000-0003-4097-3395
Gene Ontology Annotations,1.0,"Entity seen: gene protein only; relations link genes to GO terms (biological process, molecular function, cellular component); no drug or disease entities; no D-T, T-D, or D-D relations; xrefs to UniProt common",3.0,Broad multi species functional annotation backbone; millions of annotations across thousands of organisms; large scale and general purpose,1.0,Indirect only; annotations describe function and location without therapeutic or disease linkage; not usable for D→D modeling without downstream integration,0.0,No penalty: curated and evidence coded annotations with high precision; no text mined or generic associative noise,True,Medium,https://orcid.org/0000-0003-4097-3395
FDA Adverse Event Reporting System,2.0,Entities seen: drug and adverse event phenotype; Relations: D-D adverse event reports present at scale; xrefs to RxNorm and MedDRA typically available; no targets or diseases as primary modeled entities,3.0,Very large scale postmarketing safety database; millions of reports across thousands of drugs and adverse events; human focused and broad across therapeutic areas,2.0,Direct edges: D-D adverse event associations used widely in practice; direction clear drug causes AE; reporting context present; high reporting bias and confounding require filtering and disproportionality methods,-1.0,Moderate noise due to spontaneous reporting bias underreporting duplication and confounding by indication; signal detection requires statistical guardrails,True,Medium,https://orcid.org/0000-0003-4097-3395
Foundational Model of Anatomy Ontology (FMA -- both from UMLS and from OBO),1.0,"Entity seen: anatomical structure only; relations limited to anatomical hierarchy and part_of relations; no drug, target, or disease entities; xrefs to UMLS and OBO identifiers present",2.0,"75,000+ anatomical classes covering canonical human anatomy; integrated into UMLS and OBO Foundry; reference ontology for biomedical informatics; used in medical imaging, EHRs, education-anatomical vocabulary backbone but domain-specific (anatomy only)",1.0,"Zero pharmacological content: FMA describes anatomical structure (heart, liver, neurons) without drugs, targets, diseases, or any pharmacological/clinical relationships-anatomical reference vocabulary only, no repurposing edges.",0.0,No penalty: curated expert-built ontology with deterministic anatomical relations and high precision,True,Medium,https://orcid.org/0000-0003-4097-3395
National Center for Biotechnology Information Gene,1.0,"Entity seen: gene only; relations limited to gene identifiers, aliases, genomic context, and links to external resources; no D-T, T-D, D-D, or AE relations inside the source",3.0,Broad multi-species gene catalog covering millions of genes across organisms; backbone-scale reference used widely across biomedical databases,1.0,Indirect only; no direct therapeutic or disease relations; provides identifiers and links but requires downstream sources for modeling,0.0,No penalty: curated reference database with high precision and no text-mined generic assertions,False,Low,https://orcid.org/0000-0003-4097-3395
Gene Ontology,1.0,"Entities seen: GO terms only (biological process, molecular function, cellular component); relations limited to hierarchical and part_of relations among GO terms; no drug, gene, or disease entities inside the source; xrefs mainly ontology identifiers",3.0,Broad multi-species ontology backbone covering most biological processes and functions at large scale; widely used across biomedical resources,1.0,"Indirect only; no D-T, T-D, D-D indication, or AE edges; provides functional vocabulary but no therapeutic or disease assertions for modeling",0.0,No penalty: curated expert-maintained ontology with deterministic relations and high precision,True,Medium,https://orcid.org/0000-0003-4097-3395
ICD10PCS (from UMLS),1.0,"Entity seen: medical procedure only; relations limited to hierarchical and compositional code structure; no drug, target, or disease entities; xrefs primarily within UMLS",3.0,Broad procedural classification covering all inpatient procedures across medical and surgical domains; large scale administrative backbone used nationwide,1.0,"Indirect only; no D-T, T-D, D-D indication, or AE edges; procedural codes do not support therapeutic inference or D→D modeling",0.0,No penalty: curated administrative coding system with deterministic structure and high precision,True,Medium,https://orcid.org/0000-0003-4097-3395
Tissue Expression Database,2.0,Entities seen: gene protein and tissue anatomy; Relations: gene-tissue expression associations present; xrefs to gene identifiers and anatomy terms observed; no drug or disease entities,2.0,Multi tissue human focused expression resource; thousands of genes across many tissues; moderate scale focused on expression modality,1.0,"Indirect only; no D-T, T-D, D-D indication, or AE edges; expression data provide contextual relevance but not direct therapeutic modeling",0.0,No penalty: curated expression measurements and annotations; high precision and no text mined generic assertions,True,Medium,https://orcid.org/0000-0003-4097-3395
Comparative Toxicogenomics Database,3.0,"Entities seen: drug, target, disease; Relations: D-T, T-D, and D-D (chemical-disease) consistently present; xrefs rich across MeSH, NCBI Gene, and PubChem; descriptors well populated enabling D→T→D traversal",3.0,Broad cross-disease and multi-organism coverage; hundreds of thousands of chemical-gene-disease interactions; includes environmental and pharmacologic agents; multiple relation subtypes across species and modalities,2.0,"Direct edges: D-T, T-D, and D-D/chemical-disease curated and inferred; PMIDs and evidence codes present; direction partial with many “associated with” or “affects” edges; mappings to MeSH and NCBI Gene consistent",-1.0,Moderate noise due to mix of curated and inferred/text-mined edges; precision ~70-85%; confidence scores available for filtering; associations partly correlative rather than mechanistic,True,Medium,https://orcid.org/0000-0003-4097-3395
SIDER,2.0,"Entities seen: drug and adverse event; Relation: D-D (AE) consistently present across many records; xrefs to RxNorm, MedDRA, and UMLS; descriptors usable though limited to AE context",2.0,Multi-disease human coverage with thousands of drugs and adverse events; moderate breadth focused on marketed small molecules; limited modality and no target-level or pathway data,2.0,Direct edges: D-D adverse event pairs curated from package inserts; effect type explicit as AE; direction clear (drug causes AE); mapped cleanly to RxNorm and MedDRA; no mechanistic context beyond clinical effects,0.0,Curated manual extraction from drug labels; precision ≥85%; high reliability; minimal noise or text-mined ambiguity,True,High,https://orcid.org/0000-0003-4097-3395
Orphanet,2.0,"Entities seen: disease and gene; Relations: T-D gene-disease associations present; disease classification and phenotype links present; xrefs to OMIM, HGNC, ICD, and ORDO observed; no native drug entities",2.0,Rare disease focused resource covering thousands of rare diseases and associated genes; human only; moderate scale but narrow therapeutic scope,1.0,"Indirect only; no D-T, D-D indication, or AE edges; gene-disease links useful for mechanism understanding but not directly usable for D→D modeling",0.0,No penalty: curated expert maintained rare disease resource with high precision and no text mined generic assertions,True,Medium,https://orcid.org/0000-0003-4097-3395
Mouse Genome Informatics,2.0,"Entities: gene, disease, phenotype; Relations: gene-phenotype (MP), mouse model→human disease (DO/OMIM), gene→GO, gene→expression (GXD); IDs: MGI/DO/MP/NCBI/PMID.",3.0,"Backbone mouse resource; cross-disease; many phenotypes/models; multiple relation subtypes (phenotype, expression, GO, disease models); regular releases / bulk access.",2.0,Direct edges: T-D (mouse model→human disease) with PMIDs; IDs clean (DO/OMIM/NCBI/MGI). No D-T/D-D/AE—needs drug databases for D→T→D.,0.0,"Curated, literature-backed annotations (phenotypes, disease models, GO, MP, DO). High trust in evidence. No penalty needed.",True,High,https://orcid.org/0000-0003-4097-3395
RxNorm,2.0,"Entities seen: drug and drug product concepts; Relations: drug-drug equivalence, ingredient, brand-generic, dose form relations present; xrefs to NDC, ATC, SNOMED CT, and UMLS common; no target or disease entities",3.0,Broad general purpose medication terminology covering nearly all US marketed drugs and formulations; large scale backbone used across EHRs and regulatory systems,1.0,"Indirect only; no D-T, T-D, D-D indication, or AE edges; supports normalization and mapping but not therapeutic inference or D→D modeling",0.0,No penalty: curated authoritative drug terminology with deterministic relations and high precision,True,Medium,https://orcid.org/0000-0003-4097-3395
Medication Reference Terminology (MED-RT) (from UMLS),2.0,"Entities seen: drug and drug class; relations include drug-class membership, mechanism of action, and physiologic effect; xrefs to RxNorm and UMLS present; disease entities not consistently modeled as first-class relations",2.0,Broad coverage of US medications and therapeutic classes; human focused; moderate scale with limited relation families centered on pharmacologic classification,2.0,Direct edges exist for drug-mechanism and drug-physiologic effect; limited or indirect disease indication context; no explicit D-T binding or AE modeling; usable with guardrails for class-level inference,0.0,No penalty: curated authoritative terminology maintained by NLM and VA; deterministic relations and high precision,True,High,https://orcid.org/0000-0003-4097-3395
Gene Ontology Plus,1.0,"Entities seen: GO terms with extended cross references to anatomy, chemicals, cell types, and phenotypes; relations primarily GO term hierarchy plus logical axioms; no native drug, disease, or target entities modeled as first class relations",3.0,Broad multi species ontology backbone extending GO with rich logical definitions and links to many external ontologies; large scale and general purpose,1.0,"Indirect only; no D-T, T-D, D-D indication, or AE edges; axioms improve semantic reasoning but do not create actionable therapeutic relations",0.0,No penalty: curated ontology extensions with deterministic logical axioms; high precision and no text mined generic assertions,True,Medium,https://orcid.org/0000-0003-4097-3395
ChEMBL,3.0,"Entities seen: drug, target, disease; Relations: D-T, T-D, D-D, and bioactivity annotations consistently present; xrefs rich across DrugBank, PubChem, UniProt, and MeSH; descriptors complete and support multi-hop traversal",3.0,"Broad multi-disease, multi-species coverage with millions of activity records; thousands of drugs and targets; includes diverse modalities such as small molecules, peptides, and biologics",3.0,"Direct edges: D-T and T-D with clear effect types (agonist, antagonist, inhibitor, binder); evidence, assay confidence, and direction well annotated; mappings to UniProt, HGNC, and MeSH clean and standard",0.0,Curated database with precision ≥85%; high-quality experimental bioactivity data; no generic or unscored associations,True,High,https://orcid.org/0000-0003-4097-3395
Veterans Association National Drug File (VANDF) (from UMLS),1.0,"Entities seen: drug and drug class; relations include drug-class membership, mechanism of action, pharmacologic action, and therapeutic intent; xrefs to RxNorm and UMLS present; disease entities not consistently modeled as explicit relations; no genes",2.0,Broad coverage of US medications used in the VA system; human focused; moderate scale with emphasis on pharmacologic classification rather than cross domain integration,2.0,Direct edges exist for drug-mechanism and pharmacologic action; indication context present but not structured as D-D indication edges; no explicit D-T binding or AE modeling; usable with guardrails,0.0,No penalty: curated authoritative VA maintained drug file with deterministic relations and high precision,True,Low,https://orcid.org/0000-0003-4097-3395
Orphanet Rare Disease Ontology,1.0,"Entities seen: diseases only; relations limited to subclass-of and has-synonym. No D-T/T-D/D-D or AE edges. Xrefs present but limited to ontology/vocabularies (OMIM, MeSH, ICD). Descriptors sparse for drugs/targets",1.0,"Niche scope: focused exclusively on rare diseases; ~10k disease concepts; no multi-disease therapeutic edges; human-only; one relation family (“is_a”, “has_symptom”)",1.0,ndirect only; no D-T/T-D; edges are generic/undirected (hierarchical disease classification); mapping unclear for drug-level integration,0.0,Curated/manual ontology maintained by Orphanet; precision ≥85%; no text-mined or noisy edges,True,Low,https://orcid.org/0000-0003-4097-3395
UniProt Knowledgebase,1.0,"Entity seen: protein only; relations include protein function, domains, PTMs, interactions, and sequence features; xrefs to HGNC, NCBI Gene, GO, PDB, and other databases common; no native drug or disease entities",3.0,Broad multi-species protein knowledgebase covering hundreds of thousands of proteins across organisms; backbone-scale reference for protein annotation,1.0,"Indirect only; no D-T, T-D, D-D indication, or AE edges modeled as first-class relations; supports mechanistic interpretation but not direct D→D modeling",0.0,No penalty: curated expert-reviewed entries with evidence codes; high precision and no generic text-mined assertions,True,Medium,https://orcid.org/0000-0003-4097-3395
Experimental Factor Ontology,2.0,"Entities seen: disease, phenotype, experimental variable, cell type; relations primarily hierarchical and experimental factor relationships; xrefs to MONDO, Orphanet, MeSH, UMLS common; no native drug or target entities modeled as first-class relations",3.0,"Broad cross-disease ontology used across GWAS, functional genomics, and experimental datasets; large-scale human-focused backbone spanning many disease areas and experimental contexts",1.0,"Indirect only; no D-T, T-D, D-D indication, or AE edges; supports disease normalization and experimental annotation but not direct D→D modeling",0.0,No penalty: curated ontology with deterministic hierarchical relations and high precision,True,Medium,https://orcid.org/0000-0003-4097-3395
Drug Gene Interaction Database,2.0,"Entities seen: drug and gene target; Relations: D-T drug-gene interaction assertions present; xrefs to DrugBank, ChEMBL, PharmGKB, UniProt observed; disease entities not modeled as first class relations",2.0,Multi disease coverage through aggregated sources; thousands of drugs and genes; moderate scale focused on interaction cataloging rather than full KG integration,2.0,Direct edges: D-T interactions used widely in practice; evidence provenance tracked by source but direction and effect often generic; no indication or AE modeling; usable with guardrails,-1.0,Moderate noise due to aggregation of heterogeneous upstream sources and many generic interaction assertions; filtering by interaction type and source recommended,True,Medium,https://orcid.org/0000-0003-4097-3395
SIGNOR 3.0,1.0,"Entities seen: gene protein and small molecule regulator; Relations: directed causal interactions (activates, inhibits, upregulates, downregulates) consistently present; xrefs to UniProt, ChEBI, and PubChem observed; disease entities limited and secondary; no drugs",2.0,Human focused curated signaling network covering thousands of causal interactions; moderate scale centered on signaling pathways and regulatory biology,3.0,Direct edges: T-T causal regulation and small molecule-target regulation with explicit direction and effect; evidence with PMIDs provided; highly usable for mechanistic reasoning and D→T→D path construction when integrated with disease sources,0.0,No penalty: expert curated causal assertions with explicit direction and literature evidence; high precision ≥85%,True,High,https://orcid.org/0000-0003-4097-3395
Food Ontology,1.0,"Entity seen: food item and food product concepts only; relations limited to hierarchical classification and compositional descriptors; no drug, target, or disease entities; xrefs minimal and non-therapeutic",2.0,Broad coverage of food items and categories across cuisines and food types; moderate scale ontology focused on nutrition and food classification rather than biomedical domains,1.0,"Indirect only; no D-T, T-D, D-D indication, or AE edges; food concepts do not support therapeutic or mechanistic drug-disease modeling",0.0,No penalty: curated ontology with deterministic classification relations and high precision,False,Low,https://orcid.org/0000-0003-4097-3395
Cell Ontology,1.0,"Entity seen: cell type only; relations limited to hierarchical cell type classification and part_of lineage relations; no drug, target, or disease entities; xrefs to UBERON, GO, and other ontologies present",3.0,Broad multi-species cell type ontology covering thousands of cell types across tissues and organisms; backbone-scale reference used widely in biomedical datasets,1.0,"Indirect only; no D-T, T-D, D-D indication, or AE edges; supports cellular context and annotation but not direct D→D modeling",0.0,No penalty: curated expert-maintained ontology with deterministic relations and high precision,True,Medium,https://orcid.org/0000-0003-4097-3395
HUGO Gene Nomenclature Committee,1.0,"Entity seen: genes only; no D-T/T-D/D-D or AE edges; relations limited to gene identifiers and synonyms; xrefs present to Ensembl, UniProt, NCBI Gene but no relation families relevant to repurposing",1.0,Niche scope: covers human genes only; single entity type; one relation family (identifier/synonym mappings); limited therapeutic or disease diversity,1.0,Indirect only; no D-T/T-D edges; edges are nomenclature and mapping references; provides identifiers but no mechanistic or phenotypic connections,0.0,Curated manual source maintained by HGNC; precision ≥85%; no text-mined or generic associations,True,Low,https://orcid.org/0000-0003-4097-3395
ICD9CM (from UMLS),1.0,"Entity seen: disease and condition codes only; relations limited to hierarchical classification; no drug, target, or mechanistic relations; xrefs mainly administrative via UMLS",3.0,Broad administrative disease classification covering most clinical diagnoses; large scale backbone historically used across healthcare systems,1.0,"Indirect only; no D-T, T-D, D-D indication, or AE edges; diagnostic coding does not support therapeutic or mechanistic modeling",0.0,No penalty: curated administrative coding system with deterministic structure and high precision,True,Medium,https://orcid.org/0000-0003-4097-3395
DrugCentral,3.0,"Entities seen: drug, target gene protein, disease; Relations: D-T, T-D, D-D indication, contraindication, and AE present; xrefs to RxNorm, DrugBank, ChEMBL, UniProt, MeSH observed; descriptors rich and consistent",3.0,Broad general purpose pharmacology resource covering thousands of approved drugs and targets; multi-disease human focused coverage; backbone-scale with multiple therapeutic relation families,3.0,"Direct edges: D-T binding and pharmacologic action, D-D indications and contraindications, AE relations; direction and effect explicit; evidence and regulatory provenance standard; mappings clean and plug-and-play",0.0,No penalty: curated expert maintained database with high precision ≥85%; regulatory-grade indication and safety assertions,True,High,https://orcid.org/0000-0003-4097-3395
National Drug Data File (NDDF) (from UMLS),2.0,"Entities seen: drug and drug class; relations include drug-class membership, mechanism of action, pharmacologic effect, and therapeutic category; xrefs to UMLS and legacy identifiers present; diseases not modeled as explicit relations",2.0,Broad coverage of marketed drugs within a legacy clinical drug knowledgebase; human focused; moderate scale oriented toward clinical reference rather than cross-domain integration,1.0,Direct edges exist for drug-mechanism and pharmacologic action; limited disease or indication modeling and no explicit D-T binding or AE edges; usable with guardrails,0.0,No penalty: curated proprietary clinical drug reference with deterministic relations and high precision,True,Medium,https://orcid.org/0000-0003-4097-3395
Consumer Health Vocabulary (CHV) (from UMLS),1.0,"Entity seen: consumer health term only; relations limited to synonymy and mapping between lay terms and professional concepts; no drug, target, or disease relations modeled as first class edges",3.0,"Broad vocabulary covering many consumer expressions across diseases, symptoms, and treatments; large scale terminology backbone used for patient-facing applications",1.0,"Indirect only; no D-T, T-D, D-D indication, or AE edges; supports normalization of patient language but not therapeutic or mechanistic modeling",0.0,No penalty: curated terminology focused on synonym mapping with high precision and no inferred or text-mined assertions,True,Medium,https://orcid.org/0000-0003-4097-3395
NCBI Taxonomy Ontology,1.0,"Entity seen: organism taxon only; relations limited to taxonomic hierarchy parent child ranks; no drug, target, or disease entities; identifiers stable and widely referenced",3.0,Broad multi species taxonomy backbone covering all domains of life; very large scale reference used across biomedical databases,1.0,"Indirect only; no D-T, T-D, D-D indication, or AE edges; supports organism normalization but not therapeutic or mechanistic modeling",0.0,No penalty: curated authoritative taxonomy with deterministic hierarchical relations and high precision,True,Medium,https://orcid.org/0000-0003-4097-3395
Psychological Index Terms (PSY) (from UMLS),1.0,"Entities seen: psychological concepts, symptoms, and behavioral terms; no D-T/T-D/D-D or AE edges; relations primarily hierarchical or associative; xrefs limited to UMLS internal vocabularies",1.0,Niche scope: focused on psychological and behavioral terms; human-only; single domain vocabulary with one relation family (is_a/related_to),1.0,"Indirect only; lacks mechanistic, pharmacologic, or target-level edges; generic associations without direction or evidence; not usable for D→D modeling",-1.0,"Moderate noise from broad associative links (“related to,” “behavioral manifestation”) and absence of precision scoring; not text-mined or raw but semantically generic",True,Low,https://orcid.org/0000-0003-4097-3395
Target Illumination GWAS Analytics,2.0,"Entities seen: gene target and disease phenotype; Relations: T-D gene-disease associations derived from GWAS consistently present; xrefs to GWAS Catalog, EFO, and gene identifiers observed; no drug entities",2.0,Multi disease human focused GWAS resource covering many traits and diseases; moderate scale oriented to genetic association evidence rather than full pharmacology,2.0,Direct edges: T-D associations with confidence scoring and study provenance; direction and effect largely correlative not mechanistic; useful for target prioritization when integrated with D-T sources,-1.0,Moderate noise due to GWAS association nature and linkage disequilibrium effects; confidence scores enable filtering to higher signal subsets,True,Medium,https://orcid.org/0000-0003-4097-3395
MONDO Disease Ontology,2.0,Entities seen: disease and gene references via curated cross-ontology mappings; relations include disease hierarchy and disease-gene equivalence and provenance links; rich xrefs to OMIM Orphanet MeSH ICD DO present; no native drug entities,3.0,Broad general purpose disease ontology covering rare and common diseases across clinical and research domains; backbone scale used widely across KGs,1.0,"Indirect only; no D-T, D-D indication, or AE edges; disease-gene links are normalization and alignment oriented rather than actionable therapeutic assertions",0.0,No penalty: curated expert maintained ontology with deterministic relations and high precision,True,Medium,https://orcid.org/0000-0003-4097-3395
Kyoto Encyclopedia of Genes and Genomes (KEGG),3.0,"Entities seen: drug, target, disease; Relations: D-T, T-D, pathway, D-D present across multiple modules; xrefs common to DrugBank, UniProt, NCBI Gene, and disease ontologies; descriptors rich and multi-entity traversal supported",3.0,"Broad cross-disease and cross-species coverage; millions of pathway interactions; thousands of drugs, proteins, and diseases; multiple relation families and modalities including small molecules and enzymes",2.0,Direct edges: D-T and T-D available with curated mechanistic context but limited explicit clinical effect or AE data; direction often implied within pathways rather than stated; mappings to canonical IDs clean,0.0,Curated manual database with high precision ≥85%; mechanistic and pathway-based assertions; minimal generic associations,True,High,https://orcid.org/0000-0003-4097-3395
Zebrafish Information Network,2.0,Entities seen: gene phenotype disease and anatomy; relations include gene phenotype and gene disease associations plus expression and anatomy context; xrefs to human orthologs OMIM and MONDO present; no native drug entities,2.0,Model organism focused resource for zebrafish biology and disease models; thousands of genes and phenotypes; moderate scale and not general purpose,1.0,Indirect only; no D T D D indication or AE edges; disease relevance is via model organism mapping and requires translation to human pharmacology,0.0,No penalty: curated expert maintained database with high precision experimental annotations,True,Medium,https://orcid.org/0000-0003-4097-3395
Uber Anatomy Ontology,1.0,"Entity seen: anatomical structure only; relations limited to anatomical hierarchy, part_of, and develops_from; no drug, target, or disease entities; xrefs to FMA, CL, GO, and other anatomy ontologies common",3.0,Broad multi species anatomy ontology covering organs tissues and structures across vertebrates and invertebrates; backbone scale used widely for cross species integration,1.0,"Indirect only; no D-T, T-D, D-D indication, or AE edges; anatomy context supports localization and interpretation but not direct D→D modeling",0.0,No penalty: curated expert maintained ontology with deterministic anatomical relations and high precision,True,Medium,https://orcid.org/0000-0003-4097-3395
Disease Ontology,1.0,Entities seen: disease; relations include disease hierarchy and curated cross references linking diseases to external resources including OMIM MeSH ICD and gene associations; no native drug or target entities,3.0,Broad general purpose disease ontology covering common and rare diseases across clinical and research domains; backbone scale used widely in biomedical KGs,1.0,Indirect only; no D-T T-D D-D indication or AE edges; disease gene links serve normalization and grounding rather than therapeutic modeling,0.0,No penalty: curated expert maintained ontology with deterministic relations and high precision,True,Medium,https://orcid.org/0000-0003-4097-3395
FlyBase,2.0,"Entities seen: gene, phenotype, anatomy, pathway; relations include gene-phenotype, gene-expression, genetic interaction, and functional annotation; xrefs to human orthologs, GO, and disease mappings present; no native drug entities",2.0,Model organism focused resource for Drosophila biology; thousands of genes and phenotypes; moderate scale and not general purpose,1.0,"Indirect only; no D-T, T-D, D-D indication, or AE edges; disease relevance inferred via orthology and phenotype similarity requiring translation to human pharmacology",0.0,No penalty: curated expert maintained database with high precision experimental annotations,True,Medium,https://orcid.org/0000-0003-4097-3395
Physician Data Query (PDQ) (from UMLS),2.0,"Entities seen: diseases and drugs; Relations: D-D (indication) and D-D (therapeutic use) appear consistently across entries; xrefs to UMLS, MeSH, and NCI Thesaurus present; descriptors usable but limited to cancer-related concepts",1.0,Niche scope: oncology-focused; human-only; covers limited therapeutic areas with a few thousand drugs and cancer indications; one dominant relation family (D-D/indication),2.0,Direct edges: D-D indication pairs mapped to cancer types; curated manually with clear therapeutic relevance; lacks direction/effect terms beyond indication context but well mapped to RxNorm and MeSH,0.0,Curated manual source from NCI; high precision ≥85%; minimal noise or generic associations,True,High,https://orcid.org/0000-0003-4097-3395
Saccharomyces Genome Database,2.0,"Entities seen: gene, phenotype, biological process, pathway; relations include gene-phenotype, gene-function, genetic interaction, and expression annotations; xrefs to GO, UniProt, and ortholog mappings present; no native drug entities",2.0,Model organism focused resource for budding yeast biology; thousands of genes and phenotypes; moderate scale and not general purpose,1.0,"Indirect only; no D-T, T-D, D-D indication, or AE edges; disease relevance inferred via conserved pathways and orthology requiring translation to human pharmacology",0.0,No penalty: curated expert maintained database with high precision experimental annotations,True,Medium,https://orcid.org/0000-0003-4097-3395
Human Developmental Anatomy Ontology,1.0,"Entity seen: developmental anatomical structure only; relations limited to anatomical hierarchy and develops_from over embryonic and fetal stages; no drug, target, or disease entities; xrefs to UBERON and other anatomy ontologies present",2.0,Human focused developmental anatomy ontology covering embryonic and fetal stages; moderate scale reference used for developmental annotation rather than general biomedical coverage,1.0,"Indirect only; no D-T, T-D, D-D indication, or AE edges; supports developmental localization and context but not direct D→D modeling",0.0,No penalty: curated expert maintained ontology with deterministic developmental relations and high precision,True,Medium,https://orcid.org/0000-0003-4097-3395
DrugMechDB,3.0,"Entities seen: drug, target gene protein, disease, biological process and pathway; Relations: D-T, T-D, and mechanistic causal links forming explicit drug-mechanism-disease paths; xrefs to DrugBank, ChEMBL, UniProt, MONDO observed",2.0,Focused scope on curated drug-mechanism-disease examples; limited number of drugs and diseases; moderate scale designed for mechanistic clarity rather than coverage,3.0,Multiple strong direct edge families present; mechanistic direction and effect explicit along paths; evidence and literature support provided; highly plug and play for D→D reasoning though not comprehensive,0.0,No penalty: manually curated mechanistic assertions with explicit causal structure and high precision,True,High,https://orcid.org/0000-0003-4097-3395
Guide to Pharmacology,3.0,"Entities seen: drug, target, disease; Relations: D-T and T-D consistently present with defined mechanisms (agonist, antagonist, modulator); xrefs rich across UniProt, ChEMBL, and PubChem; descriptors complete and support D→T→D traversal",2.0,"Multi-disease, human-focused coverage; thousands of targets and ligands; includes small molecules, peptides, and antibodies; moderate scale compared to DrugBank or ChEMBL but broad mechanistic range",3.0,"Direct edges: D-T/T-D with explicit pharmacologic effects; direction and mechanism clearly annotated; confidence high; mappings to UniProt, HGNC, and MeSH reliable",0.0,Curated manual database with expert review; precision ≥85%; mechanistic assertions with minimal noise or generic edges,True,High,https://orcid.org/0000-0003-4097-3395
MedlinePlus (from UMLS),1.0,"Entities seen: diseases and symptoms; relations mostly hierarchical or descriptive (“is_a,” “related to”); no D-T/T-D/D-D or AE edges; limited identifiers beyond UMLS and MeSH terms",2.0,Multi-disease coverage across many therapeutic areas; human-focused; tens of thousands of disease and condition entries; moderate breadth but no multi-modality or mechanistic relations,1.0,Indirect only; edges generic and undirected; content focused on patient-friendly disease and medication summaries rather than mechanistic or relational structure,-1.0,Moderate noise due to generic “related to” links and consumer-oriented descriptions; lacks precision scoring but not text-mined or raw triples,True,Low,https://orcid.org/0000-0003-4097-3395
Health Level Seven (HL7) (from UMLS),1.0,Entities seen: clinical data model concepts such as observation medication encounter and procedure; relations describe message structure and data exchange semantics; no intrinsic drug-target-disease relations; xrefs via UMLS present,3.0,Broad healthcare interoperability standard used across EHRs labs pharmacies and public health systems; large scale backbone for data exchange rather than biomedical knowledge,1.0,Indirect only; no D-T T-D D-D indication or AE edges; enables transport of clinical data but does not assert therapeutic or mechanistic relationships,0.0,"No penalty: formally specified standards (HL7 International Vocabulary Technical Committee expert curation; ANSI-accredited standards; rigorous standards development process (consensus-based, fit-for-purpose, implementable, maintained)) with deterministic structure and high precision",True,Medium,https://orcid.org/0000-0003-4097-3395
Drug Repositioning Database,2.0,"Entities seen: drug and disease; Relations: D-D indication and failed indication associations present; xrefs to DrugBank, ClinicalTrials identifiers, and disease ontologies observed; no target entities",2.0,"Focused scope on approved, withdrawn, failed, and repositioned drug indications; human only; moderate scale designed for repurposing use cases",3.0,Direct edges: D-D indications including approved and failed outcomes; clinical context explicit; negative examples present via failed trials; mappings usable for immediate D→D modeling,0.0,No penalty: manually curated from regulatory and clinical trial sources with high precision and explicit outcome labels,True,High,https://orcid.org/0000-0003-4097-3395
Healthcare Common Procedure Coding System (from UMLS),1.0,Entity seen: healthcare procedure and supply codes only; relations limited to hierarchical code groupings and administrative categories; no drug target or disease relations; xrefs primarily administrative via UMLS,3.0,Broad administrative coding system covering procedures durable medical equipment and supplies across US healthcare; large scale backbone for billing and reimbursement,1.0,Indirect only; no D-T T-D D-D indication or AE edges; procedural coding does not support therapeutic or mechanistic modeling,0.0,No penalty: curated administrative coding standard with deterministic structure and high precision,True,Medium,https://orcid.org/0000-0003-4097-3395
Anatomical Therapeutic Chemical (ATC) Codes (from UMLS),1.0,"Entities seen: drugs only; relations limited to hierarchical classification (“is_a,” “belongs_to”); no D-T/T-D/D-D or AE edges; xrefs mainly to RxNorm and UMLS identifiers",2.0,Broad cross-disease human coverage with thousands of marketed drugs; global scope across all therapeutic classes; single relation family (hierarchical classification) but large-scale representation,1.0,Indirect only; no mechanistic or target-level edges; relations generic and undirected; useful for drug class grouping but not for therapeutic inference or modeling,0.0,Curated manual classification maintained by WHO; precision ≥85%; no text-mined or generic noisy data,True,Medium,https://orcid.org/0000-0003-4097-3395
eRAM: encyclopedia of rare disease annotations for precision medicine,2.0,"Entities seen: rare disease, gene target, phenotype, pathway; relations include disease-gene and disease-phenotype annotations; xrefs to OMIM Orphanet HPO and gene identifiers present; no native drug entities",2.0,Rare disease focused precision medicine resource; human only; moderate scale with deep annotation but narrow therapeutic breadth,1.0,"Indirect only; no D-T, D-D indication, or AE edges; annotations support mechanism and diagnosis but not direct D→D modeling",-1.0,Moderate noise due to partial literature text mining and associative disease-gene links; curated overlays present but confidence varies; filtering required,True,Low,https://orcid.org/0000-0003-4097-3395
RGD API,2.0,"Entities seen: gene, disease, phenotype, pathway, anatomy; relations include gene-disease, gene-phenotype, QTL, pathway, and expression annotations; xrefs to human orthologs, OMIM, MONDO, GO present; no native drug entities",2.0,Model organism focused resource centered on rat biology and disease models; thousands of genes and phenotypes; moderate scale and not general purpose,1.0,"Indirect only; no D-T, D-D indication, or AE edges; disease relevance is via rat models and orthology requiring translation to human pharmacology",0.0,No penalty: curated expert maintained database with experimental annotations and controlled vocabularies,True,Medium,https://orcid.org/0000-0003-4097-3395
Genomic Epidemiology Ontology,2.0,Entities seen: pathogen organism disease host population sample location and epidemiologic attribute; relations mainly hierarchical and contextual; xrefs to other ontologies present; no drug or target entities,2.0,Niche scope focused on genomic epidemiology and surveillance use cases; moderate scale ontology supporting outbreak and population level analysis,1.0,Indirect only; no D T T D D D indication or AE edges; supports surveillance and context but not therapeutic or D D modeling,0.0,No penalty: curated ontology with deterministic relations and no text mined generic assertions,True,Medium,https://orcid.org/0000-0003-4097-3395
PhosphoSitePlus,2.0,Entities seen: protein and upstream regulator; relations include regulator-modifies-protein PTM events at site level; xrefs to UniProt common; no drug or disease entities,3.0,Human focused curated PTM resource covering thousands of proteins and modification sites; moderate scale specialized to signaling and regulation,1.0,Indirect only; no D T T D D D indication or AE edges; PTM context supports mechanistic interpretation but not direct D D modeling,0.0,No penalty: manually curated from experimental literature with high precision and site specific evidence,True,Medium,https://orcid.org/0000-0003-4097-3395
Monarch Initiative,3.0,Entities seen: disease gene phenotype anatomy and model organism; Relations: T-D gene-disease associations disease-phenotype annotations orthology and phenotype similarity present; rich xrefs to MONDO OMIM Orphanet HPO ZFIN MGI FlyBase observed,3.0,Broad cross species integrated knowledge graph covering human and multiple model organisms; hundreds of thousands of associations across diseases genes phenotypes and anatomy; backbone scale for genotype-phenotype reasoning,2.0,Direct edges: T-D and disease-phenotype associations at scale; evidence and provenance tracked; no native D-T or D-D indication edges; supports D→T→D reasoning when integrated with pharmacology,0.0,No penalty: curated genotype-phenotype and disease annotations from authoritative sources; associations are expert-reviewed or algorithmically defined with high precision,True,High,https://orcid.org/0000-0003-4097-3395
UniChem,1.0,Entity seen: chemical compound identifier only; relations limited to identifier equivalence and cross reference mappings across databases; no drug target disease or therapeutic relations,3.0,Broad chemical identifier mapping backbone linking many major chemistry databases at large scale; covers millions of compounds across resources,1.0,Indirect only; no D-T T-D D-D indication or AE edges; supports identifier harmonization but not therapeutic or mechanistic modeling,0.0,No penalty: deterministic curated identifier mappings with high precision and no inferred assertions,True,Medium,https://orcid.org/0000-0003-4097-3395
The microRNA Database,1.0,Entity seen: microRNA only; relations limited to sequence family annotation and genomic context; xrefs to genome assemblies and identifiers present; no drug gene target or disease relations,3.0,Broad multi species repository of known microRNA sequences and annotations; large scale reference used widely across genomics research,1.0,Indirect only; no D-T T-D D-D indication or AE edges; supports regulatory biology but not direct D→D modeling,0.0,No penalty: curated sequence database with deterministic annotations and high precision,True,Medium,https://orcid.org/0000-0003-4097-3395
EPSD,2.0,Entities seen: protein substrate and kinase regulator; relations include kinase-substrate phosphorylation site annotations with site positions and modification types; xrefs to UniProt and gene identifiers present; no drug or disease entities,2.0,Eukaryote focused resource covering many species and thousands of phosphorylation sites; moderate scale specialized to signaling regulation,1.0,"Indirect only; no D-T, T-D, D-D indication, or AE edges; phosphorylation context supports mechanistic interpretation but not direct D→D modeling",0.0,No penalty: curated phosphorylation site annotations with site specific experimental evidence and high precision,True,Medium,https://orcid.org/0000-0003-4097-3395
Phenotype and Trait Ontology,1.0,Entity seen: phenotypic quality only; relations limited to ontology hierarchy and attribute definitions; no drug target disease or gene entities; used as a modifier not a standalone biology source,3.0,Broad general purpose ontology used across species and phenotype systems; backbone scale as a quality vocabulary integrated into many phenotype frameworks,1.0,Indirect only; no D-T T-D D-D indication or AE edges; supports phenotype description but not therapeutic or D→D modeling,0.0,No penalty: curated ontology with deterministic definitions and high precision,True,Medium,https://orcid.org/0000-0003-4097-3395
Molecular Interactions Controlled Vocabulary,1.0,Entity seen: interaction term only; relations limited to controlled vocabulary hierarchy describing interaction types detection methods and participant roles; no drug target gene or disease entities modeled,1.0,Niche scope: specific to protein-protein interaction experiment annotation; small-to-mid scale vocabulary; single domain (PPI experimental methods and types). Not broad/general-purpose: narrower than PATO which spans all phenotypes.,1.0,Indirect only; no D-T T-D D-D indication or AE edges; enables consistent annotation but does not assert biological or therapeutic relationships,0.0,No penalty: curated community standard vocabulary with deterministic structure and high precision,True,Low,https://orcid.org/0000-0003-4097-3395
Neuro Behavior Ontology,1.0,Entity seen: behavior and behavioral phenotype terms only; relations limited to ontology hierarchy and behavioral classification; no drug gene target or disease entities; xrefs to other phenotype ontologies present,2.0,Focused scope on neurobehavioral phenotypes across species; moderate scale ontology used for behavioral annotation rather than broad biomedical coverage,1.0,Indirect only; no D-T  T-D D-D indication or AE edges; supports behavioral phenotype annotation but not therapeutic or D D modeling,0.0,No penalty: curated ontology with deterministic definitions and high precision,True,Medium,https://orcid.org/0000-0003-4097-3395
Biolink ontology,2.0,Entities seen: abstract categories for drug gene disease phenotype anatomy pathway and more; relations define predicate types such as treats interacts_with causes associated_with; rich identifiers and mappings defined but no instance data,3.0,Broad general purpose semantic layer spanning most biomedical domains; backbone ontology used across many large KGs including Monarch RTX KG2 and Ubergraph,1.0,Indirect only; Biolink defines schema and predicates but does not assert D-T T-D D-D indication or AE edges itself; utility is structural not evidentiary,0.0,No penalty: curated community ontology defining semantics not assertions; no text mined or ambiguous data,True,Medium,https://orcid.org/0000-0003-4097-3395
iPTMnet,2.0,Entities seen: protein substrate enzyme regulator and PTM site; relations include enzyme modifies protein at specific site with PTM type; rich xrefs to UniProt GO and protein identifiers; no drug or disease entities,2.0,Multi species PTM focused resource with thousands of proteins and modification events; moderate scale specialized to signaling and regulatory biology,1.0,Indirect only; no D-T T-D D-D indication or AE edges; PTM knowledge informs mechanism but requires external pharmacology and disease linkage,-1.0,Moderate noise due to partial text mining used to extract evidence from literature alongside curated sources; filtering by evidence type recommended,True,Low,https://orcid.org/0000-0003-4097-3395
Psychoactive Drug Screening Program,2.0,Entities seen: drug ligand and molecular target receptor transporter enzyme; relations include D-T binding and affinity measurements; descriptors include Ki IC50 assay type and target identifiers; no disease entities,2.0,Focused scope on psychoactive compounds and CNS relevant targets; human and model systems; moderate scale with hundreds to thousands of ligands and targets,1.0,Direct edges: D-T binding data with quantitative affinity and assay context; clean target identifiers; no native T-D or D-D indication edges so D→D requires integration,0.0,No penalty: experimentally generated binding data with standardized assays and high precision,True,Medium,https://orcid.org/0000-0003-4097-3395
Relations Ontology,1.0,Entity seen: relation terms only; relations define abstract predicates such as part_of regulates occurs_in causally_related_to; no concrete drug gene disease or phenotype entities asserted,3.0,Broad foundational ontology used across OBO and biomedical ontologies as a relation backbone; large scale semantic infrastructure,1.0,Indirect only; no D-T T-D D-D indication or AE edges; enables consistent semantics but does not assert biological or therapeutic knowledge,0.0,No penalty: curated ontology defining relation semantics with deterministic structure and high precision,True,Medium,https://orcid.org/0000-0003-4097-3395
Interaction Network Ontology,2.0,"Entities seen: genes, proteins, and interaction types; Relation: T-T (PPI) and T-P interaction families consistently defined; xrefs to UniProt and GO; descriptors cover interaction roles and participants but no drug or disease entities",2.0,Multi-organism coverage with broad representation of interaction types; mid-scale ontology with tens of thousands of relations; covers experimental and inferred PPIs; moderate domain breadth focused on molecular interactions,1.0,Indirect only; no D-T/T-D or D-D edges; edges generic “interacts with” or “binds” without pharmacologic or disease context; valuable for mechanistic enrichment but not direct repurposing,0.0,Curated ontology manually developed; high conceptual precision ≥85%; minimal generic noise beyond defined relation hierarchy,True,Medium,https://orcid.org/0000-0003-4097-3395
Biological Spatial Ontology,1.0,Entity seen: spatial and positional terms only; relations describe spatial relationships such as adjacent_to contained_in overlaps and orientation; no drug gene disease phenotype or pathway entities asserted,2.0,Specialized ontology focused on spatial descriptors used across anatomy and phenotype resources; moderate scale infrastructure component,1.0,Indirect only; no D-T T-D D-D indication or AE edges; supports anatomical and spatial reasoning but not therapeutic or D D modeling,0.0,No penalty: : curated ontology defining spatial relations with deterministic semantics and high precison,True,Medium,https://orcid.org/0000-0003-4097-3395
Dictyostelium discoideum anatomy,1.0,Entity seen: Dictyostelium anatomical structure only; relations limited to part_of and developmental hierarchy; no drug gene disease or phenotype entities asserted,1.0,Niche scope single model organism anatomy ontology with limited entity count and no cross species coverage,1.0,Indirect only; no D-T T-D D-D indication or AE edges; anatomy vocabulary does not support therapeutic or D D modeling,0.0,No penalty: curated anatomy ontology with deterministic structure and high precision,True,Low,https://orcid.org/0000-0003-4097-3395
